{
  "config": {
    "n_samples": 150000,
    "n_features": 64,
    "epochs": 6,
    "batch_size": 8192,
    "base_lr": 0.1,
    "warmup_epochs": 3,
    "max_workers": 4
  },
  "results": [
    {
      "workers": 1,
      "time_sec": 0.025262117385864258,
      "accuracy": 0.9948533333333334,
      "speedup_vs_seq": 1.0,
      "acc_delta_vs_seq": 0.0
    },
    {
      "workers": 2,
      "time_sec": 0.3382139205932617,
      "accuracy": 0.99336,
      "speedup_vs_seq": 0.07469271915701142,
      "acc_delta_vs_seq": -0.0014933333333333465
    },
    {
      "workers": 4,
      "time_sec": 0.663517951965332,
      "accuracy": 0.99416,
      "speedup_vs_seq": 0.03807299758964799,
      "acc_delta_vs_seq": -0.0006933333333333236
    }
  ]
}